No,Time,Source,Destination,Protocol,Length,Info,ip,total_amount,dir,id,size
8,3.459993,10.3.66.103,224.0.0.22,IGMPv3,60,Membership Report / Join group 224.0.0.252 for any sources,159.189.235.95,1,Source,8,1
17,3.989975,10.3.66.103,10.3.66.255,NBNS,110,Registration NB WORKGROUP<00>,192.192.123.232,1,Source,17,1
22,5.505568,10.3.66.103,10.3.66.255,NBNS,110,Registration NB STROUT-PC<20>,203.167.225.90,1,Source,22,1
25,6.27587,10.3.66.103,10.3.66.255,NBNS,110,Registration NB WORKGROUP<1e>,213.172.65.22,1,Source,25,1
61,15.348228,10.3.66.103,10.3.66.255,BROWSER,234,Browser Election Request,79.149.242.204,1,Source,61,1
62,16.36224,10.3.66.103,10.3.66.255,BROWSER,234,Browser Election Request,79.152.143.131,1,Source,62,1
67,20.9331,10.3.66.103,10.3.66.255,NBNS,110,Registration NB WORKGROUP<1d>,88.29.124.4,1,Source,67,1
90,104.531644,10.3.66.103,174.121.246.162,HTTP,468,GET /counter/?id=5552505E160B0601161017241605070F17140507014A070B095E3C5E060A1E4A070B094A091D5E17555E555050525C50505555505E55&rnd=3090341 HTTP/1.1 ,84.124.11.31,1,Destination,90,1
91,104.876241,10.3.66.103,10.3.66.255,NBNS,92,Name query NB WPAD<00>,20.34.241.26,1,Destination,91,1
92,105.146393,174.121.246.162,10.3.66.103,TCP,54,80  >  49158 [ACK] Seq=1 Ack=415 Win=30336 Len=0,63.74.150.224,1,Destination,92,1
93,105.212037,174.121.246.162,10.3.66.103,TCP,1421,80  >  49158 [ACK] Seq=1 Ack=415 Win=30336 Len=1367 [TCP segment of a reassembled PDU],72.96.184.15,1,Destination,93,1
94,105.212118,174.121.246.162,10.3.66.103,TCP,1421,80  >  49158 [ACK] Seq=1368 Ack=415 Win=30336 Len=1367 [TCP segment of a reassembled PDU],88.209.232.148,1,Destination,94,1
95,105.212178,174.121.246.162,10.3.66.103,TCP,1421,80  >  49158 [ACK] Seq=2735 Ack=415 Win=30336 Len=1367 [TCP segment of a reassembled PDU],11.165.164.198,1,Destination,95,1
96,105.21224,174.121.246.162,10.3.66.103,TCP,1421,80  >  49158 [ACK] Seq=4102 Ack=415 Win=30336 Len=1367 [TCP segment of a reassembled PDU],135.138.254.170,1,Destination,96,1
97,105.2123,174.121.246.162,10.3.66.103,TCP,1421,80  >  49158 [ACK] Seq=5469 Ack=415 Win=30336 Len=1367 [TCP segment of a reassembled PDU],154.58.102.73,1,Destination,97,1
98,105.212339,10.3.66.103,174.121.246.162,TCP,60,49158  >  80 [ACK] Seq=415 Ack=1368 Win=65536 Len=0,38.85.60.102,1,Destination,98,1
99,105.212361,174.121.246.162,10.3.66.103,TCP,1421,80  >  49158 [ACK] Seq=6836 Ack=415 Win=30336 Len=1367 [TCP segment of a reassembled PDU],31.179.60.170,1,Destination,99,1
100,105.212405,10.3.66.103,174.121.246.162,TCP,60,49158  >  80 [ACK] Seq=415 Ack=2735 Win=65536 Len=0,9.109.115.247,1,Destination,100,1
101,105.212481,10.3.66.103,174.121.246.162,TCP,60,49158  >  80 [ACK] Seq=415 Ack=4102 Win=65536 Len=0,55.3.24.206,1,Destination,101,1
102,105.212632,10.3.66.103,174.121.246.162,TCP,60,49158  >  80 [ACK] Seq=415 Ack=5469 Win=65536 Len=0,7.85.94.45,1,Destination,102,1
103,105.212701,10.3.66.103,174.121.246.162,TCP,60,49158  >  80 [ACK] Seq=415 Ack=6836 Win=65536 Len=0,152.181.210.155,1,Destination,103,1
104,105.212762,174.121.246.162,10.3.66.103,TCP,1421,80  >  49158 [ACK] Seq=8203 Ack=415 Win=30336 Len=1367 [TCP segment of a reassembled PDU],91.152.191.109,1,Destination,104,1
105,105.212825,174.121.246.162,10.3.66.103,TCP,1421,80  >  49158 [ACK] Seq=9570 Ack=415 Win=30336 Len=1367 [TCP segment of a reassembled PDU],206.200.253.123,1,Destination,105,1
106,105.212859,10.3.66.103,174.121.246.162,TCP,60,49158  >  80 [ACK] Seq=415 Ack=8203 Win=65536 Len=0,154.118.76.246,1,Destination,106,1
107,105.213012,10.3.66.103,174.121.246.162,TCP,60,49158  >  80 [ACK] Seq=415 Ack=9570 Win=65536 Len=0,155.36.64.255,1,Destination,107,1
108,105.213085,10.3.66.103,174.121.246.162,TCP,60,49158  >  80 [ACK] Seq=415 Ack=10937 Win=64000 Len=0,49.86.83.250,1,Destination,108,1
109,105.249789,174.121.246.162,10.3.66.103,TCP,1421,80  >  49158 [ACK] Seq=10937 Ack=415 Win=30336 Len=1367 [TCP segment of a reassembled PDU],88.43.118.242,1,Destination,109,1
110,105.25005,10.3.66.103,174.121.246.162,TCP,60,49158  >  80 [ACK] Seq=415 Ack=12304 Win=62720 Len=0,71.44.186.58,1,Destination,110,1
111,105.250529,174.121.246.162,10.3.66.103,TCP,1421,80  >  49158 [ACK] Seq=12304 Ack=415 Win=30336 Len=1367 [TCP segment of a reassembled PDU],135.161.26.166,1,Destination,111,1
112,105.250794,10.3.66.103,174.121.246.162,TCP,60,49158  >  80 [ACK] Seq=415 Ack=13671 Win=61440 Len=0,159.207.13.20,1,Destination,112,1
113,105.285696,174.121.246.162,10.3.66.103,TCP,1421,80  >  49158 [ACK] Seq=13671 Ack=415 Win=30336 Len=1367 [TCP segment of a reassembled PDU],22.199.218.119,1,Destination,113,1
114,105.285767,174.121.246.162,10.3.66.103,TCP,1421,80  >  49158 [ACK] Seq=15038 Ack=415 Win=30336 Len=1367 [TCP segment of a reassembled PDU],139.126.77.230,1,Destination,114,1
115,105.285832,174.121.246.162,10.3.66.103,TCP,1421,80  >  49158 [ACK] Seq=16405 Ack=415 Win=30336 Len=1367 [TCP segment of a reassembled PDU],3.95.197.173,1,Destination,115,1
116,105.28589,174.121.246.162,10.3.66.103,TCP,1421,80  >  49158 [ACK] Seq=17772 Ack=415 Win=30336 Len=1367 [TCP segment of a reassembled PDU],84.92.188.5,1,Destination,116,1
117,105.285949,174.121.246.162,10.3.66.103,TCP,1421,80  >  49158 [ACK] Seq=19139 Ack=415 Win=30336 Len=1367 [TCP segment of a reassembled PDU],38.31.175.185,1,Destination,117,1
118,105.285955,10.3.66.103,174.121.246.162,TCP,60,49158  >  80 [ACK] Seq=415 Ack=15038 Win=59904 Len=0,114.29.147.104,1,Destination,118,1
119,105.286014,174.121.246.162,10.3.66.103,TCP,1421,80  >  49158 [ACK] Seq=20506 Ack=415 Win=30336 Len=1367 [TCP segment of a reassembled PDU],114.119.238.176,1,Destination,119,1
120,105.286027,10.3.66.103,174.121.246.162,TCP,60,49158  >  80 [ACK] Seq=415 Ack=16405 Win=58624 Len=0,75.75.104.170,1,Destination,120,1
121,105.286147,10.3.66.103,174.121.246.162,TCP,60,49158  >  80 [ACK] Seq=415 Ack=17772 Win=57344 Len=0,129.90.66.253,1,Destination,121,1
122,105.286246,10.3.66.103,174.121.246.162,TCP,60,49158  >  80 [ACK] Seq=415 Ack=19139 Win=55808 Len=0,13.160.112.96,1,Destination,122,1
123,105.28636,10.3.66.103,174.121.246.162,TCP,60,49158  >  80 [ACK] Seq=415 Ack=20506 Win=54528 Len=0,130.169.188.168,1,Destination,123,1
124,105.286425,174.121.246.162,10.3.66.103,TCP,1421,80  >  49158 [ACK] Seq=21873 Ack=415 Win=30336 Len=1367 [TCP segment of a reassembled PDU],60.44.222.33,1,Destination,124,1
125,105.28648,10.3.66.103,174.121.246.162,TCP,60,49158  >  80 [ACK] Seq=415 Ack=21873 Win=53248 Len=0,79.149.242.204,1,Destination,125,1
126,105.286675,10.3.66.103,174.121.246.162,TCP,60,49158  >  80 [ACK] Seq=415 Ack=23240 Win=51712 Len=0,65.38.136.199,1,Destination,126,1
127,105.288943,174.121.246.162,10.3.66.103,TCP,1421,80  >  49158 [ACK] Seq=23240 Ack=415 Win=30336 Len=1367 [TCP segment of a reassembled PDU],2.205.110.219,1,Destination,127,1
128,105.289201,10.3.66.103,174.121.246.162,TCP,60,49158  >  80 [ACK] Seq=415 Ack=24607 Win=50432 Len=0,123.184.29.133,1,Destination,128,1
129,105.311791,10.3.66.103,174.121.246.162,TCP,60,[TCP Window Update] 49158  >  80 [ACK] Seq=415 Ack=24607 Win=65536 Len=0,87.2.173.182,1,Destination,129,1
130,105.322445,174.121.246.162,10.3.66.103,TCP,1421,80  >  49158 [ACK] Seq=24607 Ack=415 Win=30336 Len=1367 [TCP segment of a reassembled PDU],88.250.95.205,1,Destination,130,1
131,105.322516,174.121.246.162,10.3.66.103,TCP,1421,80  >  49158 [ACK] Seq=25974 Ack=415 Win=30336 Len=1367 [TCP segment of a reassembled PDU],31.226.255.167,1,Destination,131,1
132,105.322574,174.121.246.162,10.3.66.103,TCP,1421,80  >  49158 [ACK] Seq=27341 Ack=415 Win=30336 Len=1367 [TCP segment of a reassembled PDU],200.38.41.126,1,Destination,132,1
133,105.322632,174.121.246.162,10.3.66.103,TCP,1421,80  >  49158 [ACK] Seq=28708 Ack=415 Win=30336 Len=1367 [TCP segment of a reassembled PDU],200.22.24.196,1,Destination,133,1
134,105.322691,174.121.246.162,10.3.66.103,TCP,1421,80  >  49158 [ACK] Seq=30075 Ack=415 Win=30336 Len=1367 [TCP segment of a reassembled PDU],159.141.114.255,1,Destination,134,1
135,105.322743,10.3.66.103,174.121.246.162,TCP,60,49158  >  80 [ACK] Seq=415 Ack=25974 Win=65536 Len=0,66.162.252.171,1,Destination,135,1
136,105.322789,10.3.66.103,174.121.246.162,TCP,60,49158  >  80 [ACK] Seq=415 Ack=27341 Win=65536 Len=0,213.172.76.145,1,Destination,136,1
137,105.322881,10.3.66.103,174.121.246.162,TCP,60,49158  >  80 [ACK] Seq=415 Ack=28708 Win=65536 Len=0,17.54.166.213,1,Destination,137,1
138,105.322996,10.3.66.103,174.121.246.162,TCP,60,49158  >  80 [ACK] Seq=415 Ack=30075 Win=65536 Len=0,155.230.22.130,1,Destination,138,1
139,105.323121,10.3.66.103,174.121.246.162,TCP,60,49158  >  80 [ACK] Seq=415 Ack=31442 Win=65536 Len=0,195.68.158.202,1,Destination,139,1
140,105.323188,174.121.246.162,10.3.66.103,TCP,1421,"80  >  49158 [PSH, ACK] Seq=31442 Ack=415 Win=30336 Len=1367 [TCP segment of a reassembled PDU]",175.90.209.167,1,Destination,140,1
141,105.323249,174.121.246.162,10.3.66.103,TCP,1421,80  >  49158 [ACK] Seq=32809 Ack=415 Win=30336 Len=1367 [TCP segment of a reassembled PDU],125.105.101.225,1,Destination,141,1
142,105.323309,174.121.246.162,10.3.66.103,TCP,1421,80  >  49158 [ACK] Seq=34176 Ack=415 Win=30336 Len=1367 [TCP segment of a reassembled PDU],68.128.32.178,1,Destination,142,1
144,105.323447,10.3.66.103,174.121.246.162,TCP,60,49158  >  80 [ACK] Seq=415 Ack=32809 Win=65536 Len=0,214.45.188.51,1,Destination,144,1
145,105.323505,10.3.66.103,174.121.246.162,TCP,60,49158  >  80 [ACK] Seq=415 Ack=34176 Win=65536 Len=0,82.227.147.235,1,Destination,145,1
146,105.32362,10.3.66.103,174.121.246.162,TCP,60,49158  >  80 [ACK] Seq=415 Ack=35543 Win=65536 Len=0,214.121.183.140,1,Destination,146,1
147,105.323739,10.3.66.103,174.121.246.162,TCP,60,49158  >  80 [ACK] Seq=415 Ack=36910 Win=65536 Len=0,193.190.202.130,1,Destination,147,1
148,105.323961,174.121.246.162,10.3.66.103,TCP,1421,"80  >  49158 [PSH, ACK] Seq=36910 Ack=415 Win=30336 Len=1367 [TCP segment of a reassembled PDU]",85.135.11.13,1,Destination,148,1
149,105.324242,10.3.66.103,174.121.246.162,TCP,60,49158  >  80 [ACK] Seq=415 Ack=38277 Win=65536 Len=0,54.88.203.196,1,Destination,149,1
151,105.325015,10.3.66.103,174.121.246.162,TCP,60,49158  >  80 [ACK] Seq=415 Ack=39644 Win=65536 Len=0,49.221.226.67,1,Destination,151,1
152,105.327407,174.121.246.162,10.3.66.103,TCP,1421,80  >  49158 [ACK] Seq=39644 Ack=415 Win=30336 Len=1367 [TCP segment of a reassembled PDU],153.163.155.220,1,Destination,152,1
153,105.32769,10.3.66.103,174.121.246.162,TCP,60,49158  >  80 [ACK] Seq=415 Ack=41011 Win=65536 Len=0,206.90.107.201,1,Destination,153,1
154,105.35926,174.121.246.162,10.3.66.103,TCP,1421,80  >  49158 [ACK] Seq=41011 Ack=415 Win=30336 Len=1367 [TCP segment of a reassembled PDU],192.192.123.232,1,Destination,154,1
155,105.359331,174.121.246.162,10.3.66.103,TCP,1421,80  >  49158 [ACK] Seq=42378 Ack=415 Win=30336 Len=1367 [TCP segment of a reassembled PDU],31.159.40.10,1,Destination,155,1
156,105.359389,174.121.246.162,10.3.66.103,TCP,1421,80  >  49158 [ACK] Seq=43745 Ack=415 Win=30336 Len=1367 [TCP segment of a reassembled PDU],50.119.25.45,1,Destination,156,1
157,105.359453,174.121.246.162,10.3.66.103,TCP,1421,80  >  49158 [ACK] Seq=45112 Ack=415 Win=30336 Len=1367 [TCP segment of a reassembled PDU],73.106.70.248,1,Destination,157,1
158,105.359511,174.121.246.162,10.3.66.103,TCP,1421,80  >  49158 [ACK] Seq=46479 Ack=415 Win=30336 Len=1367 [TCP segment of a reassembled PDU],153.240.2.195,1,Destination,158,1
159,105.359547,10.3.66.103,174.121.246.162,TCP,60,49158  >  80 [ACK] Seq=415 Ack=42378 Win=65536 Len=0,5.138.3.68,1,Destination,159,1
160,105.359572,174.121.246.162,10.3.66.103,TCP,1421,80  >  49158 [ACK] Seq=47846 Ack=415 Win=30336 Len=1367 [TCP segment of a reassembled PDU],195.237.163.190,1,Destination,160,1
161,105.3596,10.3.66.103,174.121.246.162,TCP,60,49158  >  80 [ACK] Seq=415 Ack=43745 Win=65536 Len=0,215.134.128.36,1,Destination,161,1
162,105.359704,10.3.66.103,174.121.246.162,TCP,60,49158  >  80 [ACK] Seq=415 Ack=45112 Win=65536 Len=0,13.133.18.209,1,Destination,162,1
163,105.359822,10.3.66.103,174.121.246.162,TCP,60,49158  >  80 [ACK] Seq=415 Ack=46479 Win=65536 Len=0,81.198.167.186,1,Destination,163,1
164,105.359937,10.3.66.103,174.121.246.162,TCP,60,49158  >  80 [ACK] Seq=415 Ack=47846 Win=65536 Len=0,83.14.119.110,1,Destination,164,1
165,105.359987,174.121.246.162,10.3.66.103,TCP,1421,80  >  49158 [ACK] Seq=49213 Ack=415 Win=30336 Len=1367 [TCP segment of a reassembled PDU],219.178.43.134,1,Destination,165,1
166,105.360051,10.3.66.103,174.121.246.162,TCP,60,49158  >  80 [ACK] Seq=415 Ack=49213 Win=65536 Len=0,7.77.33.221,1,Destination,166,1
167,105.360203,10.3.66.103,174.121.246.162,TCP,60,49158  >  80 [ACK] Seq=415 Ack=50580 Win=65536 Len=0,153.33.71.203,1,Destination,167,1
168,105.361534,174.121.246.162,10.3.66.103,TCP,1421,80  >  49158 [ACK] Seq=50580 Ack=415 Win=30336 Len=1367 [TCP segment of a reassembled PDU],176.217.178.197,1,Destination,168,1
169,105.361606,174.121.246.162,10.3.66.103,TCP,1421,80  >  49158 [ACK] Seq=51947 Ack=415 Win=30336 Len=1367 [TCP segment of a reassembled PDU],8.103.171.165,1,Destination,169,1
170,105.361665,174.121.246.162,10.3.66.103,TCP,1421,80  >  49158 [ACK] Seq=53314 Ack=415 Win=30336 Len=1367 [TCP segment of a reassembled PDU],8.69.72.220,1,Destination,170,1
171,105.361723,174.121.246.162,10.3.66.103,TCP,1421,80  >  49158 [ACK] Seq=54681 Ack=415 Win=30336 Len=1367 [TCP segment of a reassembled PDU],49.35.54.245,1,Destination,171,1
172,105.361762,10.3.66.103,174.121.246.162,TCP,60,49158  >  80 [ACK] Seq=415 Ack=51947 Win=65536 Len=0,43.96.111.105,1,Destination,172,1
173,105.361781,174.121.246.162,10.3.66.103,TCP,1421,80  >  49158 [ACK] Seq=56048 Ack=415 Win=30336 Len=1367 [TCP segment of a reassembled PDU],183.29.44.78,1,Destination,173,1
174,105.361844,174.121.246.162,10.3.66.103,TCP,1421,80  >  49158 [ACK] Seq=57415 Ack=415 Win=30336 Len=1367 [TCP segment of a reassembled PDU],136.210.11.27,1,Destination,174,1
175,105.361869,10.3.66.103,174.121.246.162,TCP,60,49158  >  80 [ACK] Seq=415 Ack=53314 Win=65536 Len=0,16.43.129.142,1,Destination,175,1
176,105.36198,10.3.66.103,174.121.246.162,TCP,60,49158  >  80 [ACK] Seq=415 Ack=54681 Win=65536 Len=0,10.68.162.75,1,Destination,176,1
177,105.362099,10.3.66.103,174.121.246.162,TCP,60,49158  >  80 [ACK] Seq=415 Ack=56048 Win=65536 Len=0,84.134.69.89,1,Destination,177,1
178,105.362209,10.3.66.103,174.121.246.162,TCP,60,49158  >  80 [ACK] Seq=415 Ack=57415 Win=65536 Len=0,55.188.157.20,1,Destination,178,1
180,105.366005,174.121.246.162,10.3.66.103,TCP,1421,80  >  49158 [ACK] Seq=58782 Ack=415 Win=30336 Len=1367 [TCP segment of a reassembled PDU],18.116.65.8,1,Destination,180,1
181,105.366289,10.3.66.103,174.121.246.162,TCP,60,49158  >  80 [ACK] Seq=415 Ack=60149 Win=65536 Len=0,6.96.227.177,1,Destination,181,1
184,105.395914,174.121.246.162,10.3.66.103,TCP,1421,80  >  49158 [ACK] Seq=61516 Ack=415 Win=30336 Len=1367 [TCP segment of a reassembled PDU],103.242.38.247,1,Destination,184,1
185,105.395973,174.121.246.162,10.3.66.103,TCP,1421,80  >  49158 [ACK] Seq=62883 Ack=415 Win=30336 Len=1367 [TCP segment of a reassembled PDU],52.168.254.227,1,Destination,185,1
186,105.396031,174.121.246.162,10.3.66.103,TCP,1421,80  >  49158 [ACK] Seq=64250 Ack=415 Win=30336 Len=1367 [TCP segment of a reassembled PDU],46.74.45.217,1,Destination,186,1
187,105.39609,174.121.246.162,10.3.66.103,TCP,1421,80  >  49158 [ACK] Seq=65617 Ack=415 Win=30336 Len=1367 [TCP segment of a reassembled PDU],167.165.74.150,1,Destination,187,1
188,105.396151,174.121.246.162,10.3.66.103,TCP,1421,80  >  49158 [ACK] Seq=66984 Ack=415 Win=30336 Len=1367 [TCP segment of a reassembled PDU],175.142.148.70,1,Destination,188,1
190,105.396213,174.121.246.162,10.3.66.103,TCP,1421,80  >  49158 [ACK] Seq=68351 Ack=415 Win=30336 Len=1367 [TCP segment of a reassembled PDU],128.75.233.110,1,Destination,190,1
191,105.396248,10.3.66.103,174.121.246.162,TCP,60,49158  >  80 [ACK] Seq=415 Ack=64250 Win=65536 Len=0,129.5.103.191,1,Destination,191,1
192,105.396345,10.3.66.103,174.121.246.162,TCP,60,49158  >  80 [ACK] Seq=415 Ack=65617 Win=65536 Len=0,65.179.100.68,1,Destination,192,1
194,105.39658,10.3.66.103,174.121.246.162,TCP,60,49158  >  80 [ACK] Seq=415 Ack=68351 Win=65536 Len=0,59.3.196.202,1,Destination,194,1
195,105.396689,174.121.246.162,10.3.66.103,TCP,1421,"80  >  49158 [PSH, ACK] Seq=69718 Ack=415 Win=30336 Len=1367 [TCP segment of a reassembled PDU]",205.99.18.64,1,Destination,195,1
196,105.396695,10.3.66.103,174.121.246.162,TCP,60,49158  >  80 [ACK] Seq=415 Ack=69718 Win=65536 Len=0,81.129.176.88,1,Destination,196,1
197,105.396753,174.121.246.162,10.3.66.103,TCP,1421,80  >  49158 [ACK] Seq=71085 Ack=415 Win=30336 Len=1367 [TCP segment of a reassembled PDU],196.55.185.5,1,Destination,197,1
198,105.396812,174.121.246.162,10.3.66.103,TCP,1421,80  >  49158 [ACK] Seq=72452 Ack=415 Win=30336 Len=1367 [TCP segment of a reassembled PDU],102.40.161.32,1,Destination,198,1
199,105.396872,174.121.246.162,10.3.66.103,TCP,1421,80  >  49158 [ACK] Seq=73819 Ack=415 Win=30336 Len=1367 [TCP segment of a reassembled PDU],152.191.15.131,1,Destination,199,1
200,105.396928,10.3.66.103,174.121.246.162,TCP,60,49158  >  80 [ACK] Seq=415 Ack=71085 Win=65536 Len=0,141.185.217.162,1,Destination,200,1
201,105.396931,174.121.246.162,10.3.66.103,TCP,1421,80  >  49158 [ACK] Seq=75186 Ack=415 Win=30336 Len=1367 [TCP segment of a reassembled PDU],75.247.94.49,1,Destination,201,1
202,105.396992,174.121.246.162,10.3.66.103,TCP,1421,80  >  49158 [ACK] Seq=76553 Ack=415 Win=30336 Len=1367 [TCP segment of a reassembled PDU],128.73.110.228,1,Destination,202,1
203,105.397004,10.3.66.103,174.121.246.162,TCP,60,49158  >  80 [ACK] Seq=415 Ack=72452 Win=65536 Len=0,62.208.67.118,1,Destination,203,1
204,105.397055,174.121.246.162,10.3.66.103,TCP,1421,80  >  49158 [ACK] Seq=77920 Ack=415 Win=30336 Len=1367 [TCP segment of a reassembled PDU],203.197.214.159,1,Destination,204,1
205,105.397116,10.3.66.103,174.121.246.162,TCP,60,49158  >  80 [ACK] Seq=415 Ack=73819 Win=65536 Len=0,37.43.27.140,1,Destination,205,1
206,105.397238,10.3.66.103,174.121.246.162,TCP,60,49158  >  80 [ACK] Seq=415 Ack=75186 Win=65536 Len=0,197.123.139.140,1,Destination,206,1
207,105.39737,10.3.66.103,174.121.246.162,TCP,60,49158  >  80 [ACK] Seq=415 Ack=76553 Win=65536 Len=0,81.144.56.176,1,Destination,207,1
208,105.397473,174.121.246.162,10.3.66.103,TCP,1421,80  >  49158 [ACK] Seq=79287 Ack=415 Win=30336 Len=1367 [TCP segment of a reassembled PDU],23.25.18.250,1,Destination,208,1
209,105.397479,10.3.66.103,174.121.246.162,TCP,60,49158  >  80 [ACK] Seq=415 Ack=77920 Win=65536 Len=0,52.26.175.218,1,Destination,209,1
210,105.397535,174.121.246.162,10.3.66.103,TCP,1421,80  >  49158 [ACK] Seq=80654 Ack=415 Win=30336 Len=1367 [TCP segment of a reassembled PDU],71.140.187.41,1,Destination,210,1
211,105.397595,174.121.246.162,10.3.66.103,TCP,1421,80  >  49158 [ACK] Seq=82021 Ack=415 Win=30336 Len=1367 [TCP segment of a reassembled PDU],117.188.132.143,1,Destination,211,1
212,105.397639,10.3.66.103,174.121.246.162,TCP,60,49158  >  80 [ACK] Seq=415 Ack=79287 Win=65536 Len=0,60.191.9.114,1,Destination,212,1
213,105.397656,174.121.246.162,10.3.66.103,TCP,1421,80  >  49158 [ACK] Seq=83388 Ack=415 Win=30336 Len=1367 [TCP segment of a reassembled PDU],49.136.68.217,1,Destination,213,1
214,105.397693,10.3.66.103,174.121.246.162,TCP,60,49158  >  80 [ACK] Seq=415 Ack=80654 Win=65536 Len=0,149.51.23.237,1,Destination,214,1
215,105.397812,10.3.66.103,174.121.246.162,TCP,60,49158  >  80 [ACK] Seq=415 Ack=82021 Win=65536 Len=0,181.174.188.81,1,Destination,215,1
216,105.397946,10.3.66.103,174.121.246.162,TCP,60,49158  >  80 [ACK] Seq=415 Ack=83388 Win=65536 Len=0,175.217.96.212,1,Destination,216,1
217,105.398046,10.3.66.103,174.121.246.162,TCP,60,49158  >  80 [ACK] Seq=415 Ack=84755 Win=65536 Len=0,176.108.254.138,1,Destination,217,1
219,105.398288,174.121.246.162,10.3.66.103,TCP,1421,"80  >  49158 [PSH, ACK] Seq=86122 Ack=415 Win=30336 Len=1367 [TCP segment of a reassembled PDU]",75.4.104.171,1,Destination,219,1
220,105.398504,10.3.66.103,174.121.246.162,TCP,60,49158  >  80 [ACK] Seq=415 Ack=86122 Win=65536 Len=0,131.10.153.212,1,Destination,220,1
221,105.398548,10.3.66.103,174.121.246.162,TCP,60,49158  >  80 [ACK] Seq=415 Ack=87489 Win=65536 Len=0,110.67.36.190,1,Destination,221,1
223,105.39928,10.3.66.103,174.121.246.162,TCP,60,49158  >  80 [ACK] Seq=415 Ack=88856 Win=65536 Len=0,208.23.98.78,1,Destination,223,1
224,105.40054,174.121.246.162,10.3.66.103,TCP,1421,80  >  49158 [ACK] Seq=88856 Ack=415 Win=30336 Len=1367 [TCP segment of a reassembled PDU],25.243.194.16,1,Destination,224,1
225,105.400612,174.121.246.162,10.3.66.103,TCP,1421,80  >  49158 [ACK] Seq=90223 Ack=415 Win=30336 Len=1367 [TCP segment of a reassembled PDU],33.195.79.193,1,Destination,225,1
226,105.400822,10.3.66.103,174.121.246.162,TCP,60,49158  >  80 [ACK] Seq=415 Ack=90223 Win=65536 Len=0,43.164.208.248,1,Destination,226,1
227,105.400863,10.3.66.103,174.121.246.162,TCP,60,49158  >  80 [ACK] Seq=415 Ack=91590 Win=65536 Len=0,68.39.10.237,1,Destination,227,1
228,105.431814,174.121.246.162,10.3.66.103,TCP,1421,80  >  49158 [ACK] Seq=91590 Ack=415 Win=30336 Len=1367 [TCP segment of a reassembled PDU],51.216.152.163,1,Destination,228,1
229,105.43211,10.3.66.103,174.121.246.162,TCP,60,49158  >  80 [ACK] Seq=415 Ack=92957 Win=65536 Len=0,3.196.255.178,1,Destination,229,1
231,105.432803,10.3.66.103,174.121.246.162,TCP,60,49158  >  80 [ACK] Seq=415 Ack=94324 Win=65536 Len=0,212.174.109.254,1,Destination,231,1
232,105.433298,174.121.246.162,10.3.66.103,TCP,1421,80  >  49158 [ACK] Seq=94324 Ack=415 Win=30336 Len=1367 [TCP segment of a reassembled PDU],190.201.59.237,1,Destination,232,1
233,105.433362,174.121.246.162,10.3.66.103,TCP,1421,80  >  49158 [ACK] Seq=95691 Ack=415 Win=30336 Len=1367 [TCP segment of a reassembled PDU],130.255.109.251,1,Destination,233,1
234,105.433421,174.121.246.162,10.3.66.103,TCP,1421,80  >  49158 [ACK] Seq=97058 Ack=415 Win=30336 Len=1367 [TCP segment of a reassembled PDU],112.33.150.130,1,Destination,234,1
235,105.43348,174.121.246.162,10.3.66.103,TCP,1421,80  >  49158 [ACK] Seq=98425 Ack=415 Win=30336 Len=1367 [TCP segment of a reassembled PDU],58.199.197.126,1,Destination,235,1
236,105.433539,174.121.246.162,10.3.66.103,TCP,1421,80  >  49158 [ACK] Seq=99792 Ack=415 Win=30336 Len=1367 [TCP segment of a reassembled PDU],182.67.148.187,1,Destination,236,1
237,105.433577,10.3.66.103,174.121.246.162,TCP,60,49158  >  80 [ACK] Seq=415 Ack=95691 Win=65536 Len=0,16.36.120.247,1,Destination,237,1
238,105.433598,174.121.246.162,10.3.66.103,TCP,1421,80  >  49158 [ACK] Seq=101159 Ack=415 Win=30336 Len=1367 [TCP segment of a reassembled PDU],212.132.109.86,1,Destination,238,1
239,105.433632,10.3.66.103,174.121.246.162,TCP,60,49158  >  80 [ACK] Seq=415 Ack=97058 Win=65536 Len=0,48.162.160.245,1,Destination,239,1
240,105.43373,10.3.66.103,174.121.246.162,TCP,60,49158  >  80 [ACK] Seq=415 Ack=98425 Win=65536 Len=0,196.6.49.205,1,Destination,240,1
241,105.433847,10.3.66.103,174.121.246.162,TCP,60,49158  >  80 [ACK] Seq=415 Ack=99792 Win=65536 Len=0,119.148.195.244,1,Destination,241,1
242,105.433964,10.3.66.103,174.121.246.162,TCP,60,49158  >  80 [ACK] Seq=415 Ack=101159 Win=65536 Len=0,205.60.150.246,1,Destination,242,1
243,105.434059,174.121.246.162,10.3.66.103,TCP,1421,80  >  49158 [ACK] Seq=102526 Ack=415 Win=30336 Len=1367 [TCP segment of a reassembled PDU],177.142.191.57,1,Destination,243,1
244,105.434093,10.3.66.103,174.121.246.162,TCP,60,49158  >  80 [ACK] Seq=415 Ack=102526 Win=65536 Len=0,137.119.102.120,1,Destination,244,1
245,105.434296,10.3.66.103,174.121.246.162,TCP,60,49158  >  80 [ACK] Seq=415 Ack=103893 Win=65536 Len=0,144.232.126.89,1,Destination,245,1
246,105.434857,174.121.246.162,10.3.66.103,TCP,1421,80  >  49158 [ACK] Seq=103893 Ack=415 Win=30336 Len=1367 [TCP segment of a reassembled PDU],113.79.120.63,1,Destination,246,1
247,105.43514,10.3.66.103,174.121.246.162,TCP,60,49158  >  80 [ACK] Seq=415 Ack=105260 Win=65536 Len=0,81.22.169.12,1,Destination,247,1
248,105.435614,174.121.246.162,10.3.66.103,TCP,1421,80  >  49158 [ACK] Seq=105260 Ack=415 Win=30336 Len=1367 [TCP segment of a reassembled PDU],132.7.45.141,1,Destination,248,1
249,105.435679,174.121.246.162,10.3.66.103,TCP,1421,80  >  49158 [ACK] Seq=106627 Ack=415 Win=30336 Len=1367 [TCP segment of a reassembled PDU],132.145.212.205,1,Destination,249,1
251,105.435798,174.121.246.162,10.3.66.103,TCP,1421,80  >  49158 [ACK] Seq=109361 Ack=415 Win=30336 Len=1367 [TCP segment of a reassembled PDU],66.239.78.146,1,Destination,251,1
252,105.43586,174.121.246.162,10.3.66.103,TCP,1421,80  >  49158 [ACK] Seq=110728 Ack=415 Win=30336 Len=1367 [TCP segment of a reassembled PDU],186.202.91.171,1,Destination,252,1
253,105.435895,10.3.66.103,174.121.246.162,TCP,60,49158  >  80 [ACK] Seq=415 Ack=106627 Win=65536 Len=0,209.102.246.22,1,Destination,253,1
254,105.435921,174.121.246.162,10.3.66.103,TCP,1421,80  >  49158 [ACK] Seq=112095 Ack=415 Win=30336 Len=1367 [TCP segment of a reassembled PDU],205.51.142.156,1,Destination,254,1
255,105.435943,10.3.66.103,174.121.246.162,TCP,60,49158  >  80 [ACK] Seq=415 Ack=107994 Win=65536 Len=0,22.179.54.222,1,Destination,255,1
256,105.436047,10.3.66.103,174.121.246.162,TCP,60,49158  >  80 [ACK] Seq=415 Ack=109361 Win=65536 Len=0,17.149.192.186,1,Destination,256,1
258,105.436281,10.3.66.103,174.121.246.162,TCP,60,49158  >  80 [ACK] Seq=415 Ack=112095 Win=65536 Len=0,153.171.66.134,1,Destination,258,1
259,105.436398,174.121.246.162,10.3.66.103,TCP,1421,80  >  49158 [ACK] Seq=113462 Ack=415 Win=30336 Len=1367 [TCP segment of a reassembled PDU],221.170.241.191,1,Destination,259,1
260,105.436434,10.3.66.103,174.121.246.162,TCP,60,49158  >  80 [ACK] Seq=415 Ack=113462 Win=65536 Len=0,38.65.215.36,1,Destination,260,1
261,105.436461,174.121.246.162,10.3.66.103,TCP,1421,80  >  49158 [ACK] Seq=114829 Ack=415 Win=30336 Len=1367 [TCP segment of a reassembled PDU],103.224.128.74,1,Destination,261,1
263,105.436579,174.121.246.162,10.3.66.103,TCP,1421,80  >  49158 [ACK] Seq=117563 Ack=415 Win=30336 Len=1367 [TCP segment of a reassembled PDU],56.29.203.42,1,Destination,263,1
265,105.436641,174.121.246.162,10.3.66.103,TCP,1421,"80  >  49158 [PSH, ACK] Seq=118930 Ack=415 Win=30336 Len=1367 [TCP segment of a reassembled PDU]",199.14.174.246,1,Destination,265,1
266,105.436699,174.121.246.162,10.3.66.103,TCP,1421,80  >  49158 [ACK] Seq=120297 Ack=415 Win=30336 Len=1367 [TCP segment of a reassembled PDU],147.74.93.31,1,Destination,266,1
268,105.436835,10.3.66.103,174.121.246.162,TCP,60,49158  >  80 [ACK] Seq=415 Ack=117563 Win=65536 Len=0,85.95.194.63,1,Destination,268,1
269,105.43697,10.3.66.103,174.121.246.162,TCP,60,49158  >  80 [ACK] Seq=415 Ack=118930 Win=64000 Len=0,105.38.177.135,1,Destination,269,1
270,105.436995,10.3.66.103,174.121.246.162,TCP,60,[TCP Window Update] 49158  >  80 [ACK] Seq=415 Ack=118930 Win=65536 Len=0,1.98.129.188,1,Destination,270,1
271,105.437065,10.3.66.103,174.121.246.162,TCP,60,49158  >  80 [ACK] Seq=415 Ack=120297 Win=65536 Len=0,64.90.246.211,1,Destination,271,1
272,105.43719,10.3.66.103,174.121.246.162,TCP,60,49158  >  80 [ACK] Seq=415 Ack=121664 Win=65536 Len=0,48.78.180.156,1,Destination,272,1
273,105.469731,174.121.246.162,10.3.66.103,TCP,1421,80  >  49158 [ACK] Seq=121664 Ack=415 Win=30336 Len=1367 [TCP segment of a reassembled PDU],58.133.84.223,1,Destination,273,1
274,105.470024,10.3.66.103,174.121.246.162,TCP,60,49158  >  80 [ACK] Seq=415 Ack=123031 Win=65536 Len=0,173.233.109.45,1,Destination,274,1
275,105.470466,174.121.246.162,10.3.66.103,TCP,1421,80  >  49158 [ACK] Seq=123031 Ack=415 Win=30336 Len=1367 [TCP segment of a reassembled PDU],80.106.192.28,1,Destination,275,1
277,105.470585,174.121.246.162,10.3.66.103,TCP,1421,80  >  49158 [ACK] Seq=125765 Ack=415 Win=30336 Len=1367 [TCP segment of a reassembled PDU],112.131.122.254,1,Destination,277,1
278,105.47065,174.121.246.162,10.3.66.103,TCP,1421,80  >  49158 [ACK] Seq=127132 Ack=415 Win=30336 Len=1367 [TCP segment of a reassembled PDU],166.72.37.6,1,Destination,278,1
279,105.470709,174.121.246.162,10.3.66.103,TCP,1421,80  >  49158 [ACK] Seq=128499 Ack=415 Win=30336 Len=1367 [TCP segment of a reassembled PDU],201.90.235.112,1,Destination,279,1
280,105.470746,10.3.66.103,174.121.246.162,TCP,60,49158  >  80 [ACK] Seq=415 Ack=124398 Win=65536 Len=0,88.29.124.4,1,Destination,280,1
281,105.470786,10.3.66.103,174.121.246.162,TCP,60,49158  >  80 [ACK] Seq=415 Ack=125765 Win=65536 Len=0,153.180.229.202,1,Destination,281,1
282,105.470895,10.3.66.103,174.121.246.162,TCP,60,49158  >  80 [ACK] Seq=415 Ack=127132 Win=65536 Len=0,63.171.254.9,1,Destination,282,1
283,105.471017,10.3.66.103,174.121.246.162,TCP,60,49158  >  80 [ACK] Seq=415 Ack=128499 Win=65536 Len=0,32.110.239.132,1,Destination,283,1
287,105.471357,174.121.246.162,10.3.66.103,TCP,1421,80  >  49158 [ACK] Seq=132600 Ack=415 Win=30336 Len=1367 [TCP segment of a reassembled PDU],149.50.223.14,1,Destination,287,1
288,105.471416,174.121.246.162,10.3.66.103,TCP,1421,80  >  49158 [ACK] Seq=133967 Ack=415 Win=30336 Len=1367 [TCP segment of a reassembled PDU],12.229.182.148,1,Destination,288,1
290,105.471566,10.3.66.103,174.121.246.162,TCP,60,49158  >  80 [ACK] Seq=415 Ack=132600 Win=65536 Len=0,49.179.246.225,1,Destination,290,1
291,105.471674,10.3.66.103,174.121.246.162,TCP,60,49158  >  80 [ACK] Seq=415 Ack=133967 Win=65536 Len=0,140.128.163.182,1,Destination,291,1
292,105.471788,10.3.66.103,174.121.246.162,TCP,60,49158  >  80 [ACK] Seq=415 Ack=135334 Win=65536 Len=0,187.173.92.34,1,Destination,292,1
294,105.473072,10.3.66.103,174.121.246.162,TCP,60,49158  >  80 [ACK] Seq=415 Ack=136701 Win=65536 Len=0,78.14.205.183,1,Destination,294,1
295,105.47353,174.121.246.162,10.3.66.103,TCP,1421,80  >  49158 [ACK] Seq=136701 Ack=415 Win=30336 Len=1367 [TCP segment of a reassembled PDU],93.123.31.53,1,Destination,295,1
296,105.473594,174.121.246.162,10.3.66.103,TCP,1421,80  >  49158 [ACK] Seq=138068 Ack=415 Win=30336 Len=1367 [TCP segment of a reassembled PDU],130.47.109.17,1,Destination,296,1
298,105.473857,10.3.66.103,174.121.246.162,TCP,60,49158  >  80 [ACK] Seq=415 Ack=139435 Win=65536 Len=0,57.196.251.188,1,Destination,298,1
300,105.474376,174.121.246.162,10.3.66.103,TCP,1421,80  >  49158 [ACK] Seq=140802 Ack=415 Win=30336 Len=1367 [TCP segment of a reassembled PDU],94.40.167.16,1,Destination,300,1
301,105.474434,174.121.246.162,10.3.66.103,TCP,1421,80  >  49158 [ACK] Seq=142169 Ack=415 Win=30336 Len=1367 [TCP segment of a reassembled PDU],11.88.152.143,1,Destination,301,1
302,105.474493,174.121.246.162,10.3.66.103,TCP,1421,80  >  49158 [ACK] Seq=143536 Ack=415 Win=30336 Len=1367 [TCP segment of a reassembled PDU],154.131.201.168,1,Destination,302,1
303,105.474588,10.3.66.103,174.121.246.162,TCP,60,49158  >  80 [ACK] Seq=415 Ack=140802 Win=65536 Len=0,36.151.95.191,1,Destination,303,1
304,105.474635,10.3.66.103,174.121.246.162,TCP,60,49158  >  80 [ACK] Seq=415 Ack=142169 Win=65536 Len=0,213.139.238.104,1,Destination,304,1
305,105.474746,10.3.66.103,174.121.246.162,TCP,60,49158  >  80 [ACK] Seq=415 Ack=143536 Win=65536 Len=0,205.235.3.170,1,Destination,305,1
308,105.475149,174.121.246.162,10.3.66.103,TCP,1421,80  >  49158 [ACK] Seq=146270 Ack=415 Win=30336 Len=1367 [TCP segment of a reassembled PDU],30.65.184.21,1,Destination,308,1
309,105.475208,174.121.246.162,10.3.66.103,TCP,1421,80  >  49158 [ACK] Seq=147637 Ack=415 Win=30336 Len=1367 [TCP segment of a reassembled PDU],78.6.112.45,1,Destination,309,1
310,105.475266,174.121.246.162,10.3.66.103,TCP,1421,80  >  49158 [ACK] Seq=149004 Ack=415 Win=30336 Len=1367 [TCP segment of a reassembled PDU],70.117.231.143,1,Destination,310,1
311,105.475323,174.121.246.162,10.3.66.103,TCP,1421,80  >  49158 [ACK] Seq=150371 Ack=415 Win=30336 Len=1367 [TCP segment of a reassembled PDU],152.144.77.114,1,Destination,311,1
312,105.475363,10.3.66.103,174.121.246.162,TCP,60,49158  >  80 [ACK] Seq=415 Ack=146270 Win=65536 Len=0,3.171.20.62,1,Destination,312,1
313,105.475412,10.3.66.103,174.121.246.162,TCP,60,49158  >  80 [ACK] Seq=415 Ack=147637 Win=65536 Len=0,8.144.29.3,1,Destination,313,1
314,105.475521,10.3.66.103,174.121.246.162,TCP,60,49158  >  80 [ACK] Seq=415 Ack=149004 Win=65536 Len=0,20.97.125.67,1,Destination,314,1
316,105.475758,10.3.66.103,174.121.246.162,TCP,60,49158  >  80 [ACK] Seq=415 Ack=151738 Win=65536 Len=0,71.59.219.120,1,Destination,316,1
317,105.476638,174.121.246.162,10.3.66.103,TCP,1421,80  >  49158 [ACK] Seq=151738 Ack=415 Win=30336 Len=1367 [TCP segment of a reassembled PDU],124.238.148.114,1,Destination,317,1
318,105.476708,174.121.246.162,10.3.66.103,TCP,1421,80  >  49158 [ACK] Seq=153105 Ack=415 Win=30336 Len=1367 [TCP segment of a reassembled PDU],55.137.39.207,1,Destination,318,1
320,105.476958,10.3.66.103,174.121.246.162,TCP,60,49158  >  80 [ACK] Seq=415 Ack=154472 Win=65536 Len=0,160.143.122.109,1,Destination,320,1
321,105.507488,174.121.246.162,10.3.66.103,TCP,1421,80  >  49158 [ACK] Seq=154472 Ack=415 Win=30336 Len=1367 [TCP segment of a reassembled PDU],74.115.238.111,1,Destination,321,1
322,105.507773,10.3.66.103,174.121.246.162,TCP,60,49158  >  80 [ACK] Seq=415 Ack=155839 Win=65536 Len=0,125.195.141.252,1,Destination,322,1
323,105.508222,174.121.246.162,10.3.66.103,TCP,1421,80  >  49158 [ACK] Seq=155839 Ack=415 Win=30336 Len=1367 [TCP segment of a reassembled PDU],101.157.191.60,1,Destination,323,1
325,105.508347,174.121.246.162,10.3.66.103,TCP,1421,80  >  49158 [ACK] Seq=158573 Ack=415 Win=30336 Len=1367 [TCP segment of a reassembled PDU],19.73.119.234,1,Destination,325,1
326,105.508406,174.121.246.162,10.3.66.103,TCP,1421,80  >  49158 [ACK] Seq=159940 Ack=415 Win=30336 Len=1367 [TCP segment of a reassembled PDU],153.237.226.16,1,Destination,326,1
327,105.508464,174.121.246.162,10.3.66.103,TCP,1421,80  >  49158 [ACK] Seq=161307 Ack=415 Win=30336 Len=1367 [TCP segment of a reassembled PDU],13.75.119.38,1,Destination,327,1
328,105.508505,10.3.66.103,174.121.246.162,TCP,60,49158  >  80 [ACK] Seq=415 Ack=157206 Win=65536 Len=0,70.28.170.17,1,Destination,328,1
329,105.508524,174.121.246.162,10.3.66.103,TCP,1421,80  >  49158 [ACK] Seq=162674 Ack=415 Win=30336 Len=1367 [TCP segment of a reassembled PDU],77.205.171.66,1,Destination,329,1
330,105.508557,10.3.66.103,174.121.246.162,TCP,60,49158  >  80 [ACK] Seq=415 Ack=158573 Win=65536 Len=0,64.195.59.8,1,Destination,330,1
331,105.508664,10.3.66.103,174.121.246.162,TCP,60,49158  >  80 [ACK] Seq=415 Ack=159940 Win=65536 Len=0,190.133.149.199,1,Destination,331,1
332,105.508776,10.3.66.103,174.121.246.162,TCP,60,49158  >  80 [ACK] Seq=415 Ack=161307 Win=65536 Len=0,220.41.153.110,1,Destination,332,1
333,105.50889,10.3.66.103,174.121.246.162,TCP,60,49158  >  80 [ACK] Seq=415 Ack=162674 Win=65536 Len=0,48.214.121.164,1,Destination,333,1
334,105.509004,174.121.246.162,10.3.66.103,TCP,1421,80  >  49158 [ACK] Seq=164041 Ack=415 Win=30336 Len=1367 [TCP segment of a reassembled PDU],98.114.150.227,1,Destination,334,1
335,105.509019,10.3.66.103,174.121.246.162,TCP,60,49158  >  80 [ACK] Seq=415 Ack=164041 Win=64000 Len=0,165.165.105.225,1,Destination,335,1
336,105.50905,10.3.66.103,174.121.246.162,TCP,60,[TCP Window Update] 49158  >  80 [ACK] Seq=415 Ack=164041 Win=65536 Len=0,119.207.143.227,1,Destination,336,1
337,105.509071,174.121.246.162,10.3.66.103,TCP,1421,80  >  49158 [ACK] Seq=165408 Ack=415 Win=30336 Len=1367 [TCP segment of a reassembled PDU],159.189.235.95,1,Destination,337,1
338,105.509268,10.3.66.103,174.121.246.162,TCP,60,49158  >  80 [ACK] Seq=415 Ack=165408 Win=65536 Len=0,121.38.230.181,1,Destination,338,1
339,105.509353,10.3.66.103,174.121.246.162,TCP,60,49158  >  80 [ACK] Seq=415 Ack=166775 Win=65536 Len=0,73.42.99.176,1,Destination,339,1
340,105.509761,174.121.246.162,10.3.66.103,TCP,1421,80  >  49158 [ACK] Seq=166775 Ack=415 Win=30336 Len=1367 [TCP segment of a reassembled PDU],155.132.199.194,1,Destination,340,1
341,105.509823,174.121.246.162,10.3.66.103,TCP,1421,80  >  49158 [ACK] Seq=168142 Ack=415 Win=30336 Len=1367 [TCP segment of a reassembled PDU],97.148.108.27,1,Destination,341,1
343,105.50994,174.121.246.162,10.3.66.103,TCP,1421,80  >  49158 [ACK] Seq=170876 Ack=415 Win=30336 Len=1367 [TCP segment of a reassembled PDU],209.244.216.67,1,Destination,343,1
345,105.510012,174.121.246.162,10.3.66.103,TCP,1421,80  >  49158 [ACK] Seq=172243 Ack=415 Win=30336 Len=1367 [TCP segment of a reassembled PDU],169.19.134.37,1,Destination,345,1
349,105.510444,10.3.66.103,174.121.246.162,TCP,60,49158  >  80 [ACK] Seq=415 Ack=173610 Win=65536 Len=0,70.101.209.103,1,Destination,349,1
352,105.512057,174.121.246.162,10.3.66.103,TCP,1421,80  >  49158 [ACK] Seq=174977 Ack=415 Win=30336 Len=1367 [TCP segment of a reassembled PDU],138.45.152.195,1,Destination,352,1
356,105.51228,10.3.66.103,174.121.246.162,TCP,60,49158  >  80 [ACK] Seq=415 Ack=176344 Win=65536 Len=0,168.3.77.134,1,Destination,356,1
357,105.512299,174.121.246.162,10.3.66.103,TCP,1421,80  >  49158 [ACK] Seq=180445 Ack=415 Win=30336 Len=1367 [TCP segment of a reassembled PDU],159.248.254.91,1,Destination,357,1
358,105.512381,10.3.66.103,174.121.246.162,TCP,60,49158  >  80 [ACK] Seq=415 Ack=177711 Win=65536 Len=0,35.234.131.225,1,Destination,358,1
359,105.512494,10.3.66.103,174.121.246.162,TCP,60,49158  >  80 [ACK] Seq=415 Ack=179078 Win=65536 Len=0,184.71.66.47,1,Destination,359,1
360,105.51262,10.3.66.103,174.121.246.162,TCP,60,49158  >  80 [ACK] Seq=415 Ack=180445 Win=65536 Len=0,134.102.109.156,1,Destination,360,1
361,105.512737,10.3.66.103,174.121.246.162,TCP,60,49158  >  80 [ACK] Seq=415 Ack=181812 Win=65536 Len=0,160.61.137.65,1,Destination,361,1
362,105.512831,174.121.246.162,10.3.66.103,TCP,1421,80  >  49158 [ACK] Seq=181812 Ack=415 Win=30336 Len=1367 [TCP segment of a reassembled PDU],107.251.190.82,1,Destination,362,1
363,105.513053,10.3.66.103,174.121.246.162,TCP,60,49158  >  80 [ACK] Seq=415 Ack=183179 Win=65536 Len=0,167.25.7.9,1,Destination,363,1
366,105.544383,174.121.246.162,10.3.66.103,TCP,1421,80  >  49158 [ACK] Seq=184546 Ack=415 Win=30336 Len=1367 [TCP segment of a reassembled PDU],204.167.41.191,1,Destination,366,1
367,105.544673,10.3.66.103,174.121.246.162,TCP,60,49158  >  80 [ACK] Seq=415 Ack=185913 Win=65536 Len=0,178.238.56.117,1,Destination,367,1
368,105.545114,174.121.246.162,10.3.66.103,TCP,1421,80  >  49158 [ACK] Seq=185913 Ack=415 Win=30336 Len=1367 [TCP segment of a reassembled PDU],221.141.131.243,1,Destination,368,1
369,105.545172,174.121.246.162,10.3.66.103,TCP,1421,80  >  49158 [ACK] Seq=187280 Ack=415 Win=30336 Len=1367 [TCP segment of a reassembled PDU],151.36.206.141,1,Destination,369,1
370,105.545234,174.121.246.162,10.3.66.103,TCP,1421,80  >  49158 [ACK] Seq=188647 Ack=415 Win=30336 Len=1367 [TCP segment of a reassembled PDU],85.16.222.229,1,Destination,370,1
371,105.545294,174.121.246.162,10.3.66.103,TCP,1421,80  >  49158 [ACK] Seq=190014 Ack=415 Win=30336 Len=1367 [TCP segment of a reassembled PDU],167.126.36.97,1,Destination,371,1
373,105.545394,10.3.66.103,174.121.246.162,TCP,60,49158  >  80 [ACK] Seq=415 Ack=187280 Win=65536 Len=0,142.127.121.135,1,Destination,373,1
374,105.545434,10.3.66.103,174.121.246.162,TCP,60,49158  >  80 [ACK] Seq=415 Ack=188647 Win=65536 Len=0,181.239.123.155,1,Destination,374,1
384,105.547857,10.3.66.103,174.121.246.162,TCP,60,49158  >  80 [ACK] Seq=415 Ack=196849 Win=65536 Len=0,36.194.213.181,1,Destination,384,1
385,105.547968,10.3.66.103,174.121.246.162,TCP,60,49158  >  80 [ACK] Seq=415 Ack=198216 Win=65536 Len=0,185.82.245.230,1,Destination,385,1
387,105.553098,10.3.66.103,174.121.246.162,TCP,60,49158  >  80 [ACK] Seq=415 Ack=199583 Win=65536 Len=0,39.99.51.21,1,Destination,387,1
388,105.640634,10.3.66.103,10.3.66.255,NBNS,92,Name query NB WPAD<00>,12.220.244.97,1,Destination,388,1
389,106.69145,174.121.246.162,10.3.66.103,TCP,1421,80  >  49158 [ACK] Seq=199583 Ack=415 Win=30336 Len=1367 [TCP segment of a reassembled PDU],51.86.205.2,1,Destination,389,1
391,106.692166,174.121.246.162,10.3.66.103,TCP,1421,80  >  49158 [ACK] Seq=200950 Ack=415 Win=30336 Len=1367 [TCP segment of a reassembled PDU],155.149.4.162,1,Destination,391,1
1,0,0.0.0.0,255.255.255.255,DHCP,350,DHCP Request  - Transaction ID 0xa717c1cf,0.0.0.0,2,Source,1,1
14,3.568797,10.3.66.103,224.0.0.252,LLMNR,69,Standard query 0xfbd7 ANY Strout-PC,184.26.249.135,2,Source,14,1
49,9.604941,23.15.9.17,10.3.66.103,TCP,66,"80  >  49157 [SYN, ACK] Seq=0 Ack=1 Win=14600 Len=0 MSS=1367 SACK_PERM=1 WS=32",71.16.159.48,2,Source,49,1
50,9.605061,10.3.66.103,23.15.9.17,TCP,60,49157  >  80 [ACK] Seq=1 Ack=1 Win=65536 Len=0,73.152.2.129,2,Source,50,1
51,9.605192,10.3.66.103,23.15.9.17,HTTP,151,GET /ncsi.txt HTTP/1.1 ,73.249.154.1,2,Source,51,1
65,19.404374,10.3.66.103,10.3.66.255,NBNS,110,Registration NB WORKGROUP<1d>,83.211.195.103,2,Source,65,1
66,20.168682,10.3.66.103,10.3.66.255,NBNS,110,Registration NB WORKGROUP<1d>,84.194.228.189,2,Source,66,1
150,105.32473,174.121.246.162,10.3.66.103,TCP,1421,80  >  49158 [ACK] Seq=38277 Ack=415 Win=30336 Len=1367 [TCP segment of a reassembled PDU],71.16.159.48,2,Destination,150,1
182,105.395186,174.121.246.162,10.3.66.103,TCP,1421,80  >  49158 [ACK] Seq=60149 Ack=415 Win=30336 Len=1367 [TCP segment of a reassembled PDU],79.152.143.131,2,Destination,182,1
189,105.396191,10.3.66.103,174.121.246.162,TCP,60,49158  >  80 [ACK] Seq=415 Ack=62883 Win=65536 Len=0,73.249.154.1,2,Destination,189,1
193,105.396464,10.3.66.103,174.121.246.162,TCP,60,49158  >  80 [ACK] Seq=415 Ack=66984 Win=65536 Len=0,83.211.195.103,2,Destination,193,1
222,105.399002,174.121.246.162,10.3.66.103,TCP,1421,80  >  49158 [ACK] Seq=87489 Ack=415 Win=30336 Len=1367 [TCP segment of a reassembled PDU],84.194.228.189,2,Destination,222,1
286,105.4713,174.121.246.162,10.3.66.103,TCP,1421,80  >  49158 [ACK] Seq=131233 Ack=415 Win=30336 Len=1367 [TCP segment of a reassembled PDU],73.152.2.129,2,Destination,286,1
4,3.226098,10.3.66.103,10.3.66.255,NBNS,110,Registration NB WORKGROUP<00>,104.152.141.70,3,Source,4,1
6,3.256845,10.3.66.103,224.0.0.252,LLMNR,69,Standard query 0xfcb8 ANY Strout-PC,121.241.182.183,3,Source,6,1
34,6.659856,10.3.66.103,224.0.0.252,LLMNR,64,Standard query 0x35b7 A wpad,23.62.6.194,3,Source,34,1
35,6.745657,10.3.66.103,224.0.0.252,LLMNR,69,Standard query 0x814c ANY Strout-PC,23.62.6.200,3,Source,35,1
16,3.98994,10.3.66.103,10.3.66.255,NBNS,110,Registration NB STROUT-PC<20>,189.128.46.136,4,Source,16,1
26,6.285938,10.3.66.103,10.3.66.1,DNS,77,Standard query 0xd3eb A isatap.mshome.net,216.58.219.194,4,Source,26,1
41,7.775617,10.3.66.103,10.3.66.255,NBNS,110,Registration NB WORKGROUP<1e>,52.0.161.254,4,Source,41,1
57,9.947609,23.15.9.17,10.3.66.103,TCP,54,80  >  49157 [ACK] Seq=181 Ack=99 Win=14624 Len=0,74.125.226.172,4,Source,57,1
179,105.362327,10.3.66.103,174.121.246.162,TCP,60,49158  >  80 [ACK] Seq=415 Ack=58782 Win=65536 Len=0,184.26.249.135,4,Destination,179,1
293,105.472789,174.121.246.162,10.3.66.103,TCP,1421,80  >  49158 [ACK] Seq=135334 Ack=415 Win=30336 Len=1367 [TCP segment of a reassembled PDU],216.58.219.194,4,Destination,293,1
307,105.47509,174.121.246.162,10.3.66.103,TCP,1421,80  >  49158 [ACK] Seq=144903 Ack=415 Win=30336 Len=1367 [TCP segment of a reassembled PDU],23.62.6.200,4,Destination,307,1
354,105.512181,174.121.246.162,10.3.66.103,TCP,1421,80  >  49158 [ACK] Seq=177711 Ack=415 Win=30336 Len=1367 [TCP segment of a reassembled PDU],74.125.226.172,4,Destination,354,1
386,105.55281,174.121.246.162,10.3.66.103,TCP,1421,80  >  49158 [ACK] Seq=198216 Ack=415 Win=30336 Len=1367 [TCP segment of a reassembled PDU],23.62.6.194,4,Destination,386,1
20,4.75438,10.3.66.103,10.3.66.255,NBNS,110,Registration NB WORKGROUP<00>,199.166.0.201,5,Source,20,1
21,4.754382,10.3.66.103,10.3.66.255,NBNS,110,Registration NB STROUT-PC<20>,201.232.38.58,5,Source,21,1
29,6.64949,10.3.66.103,255.255.255.255,DHCP,342,DHCP Inform   - Transaction ID 0x15241457,23.15.9.17,5,Source,29,1
36,6.755656,10.3.66.103,224.0.0.252,LLMNR,64,Standard query 0x35b7 A wpad,23.72.225.91,5,Source,36,1
44,9.207078,10.3.66.103,10.3.66.1,DNS,76,Standard query 0x3ea5 A www.msftncsi.com,64.237.56.12,5,Source,44,1
45,9.267541,10.3.66.1,10.3.66.103,DNS,185,Standard query response 0x3ea5 A www.msftncsi.com CNAME www.msftncsi.com.edgesuite.net CNAME a1961.dspg2.akamai.net A 23.15.9.17 A 23.15.9.56,68.67.153.164,5,Source,45,1
48,9.297517,10.3.66.103,10.3.66.255,BROWSER,243,"Host Announcement STROUT-PC, Workstation, Server, NT Workstation, Potential Browser",69.172.216.58,5,Source,48,1
79,60.635958,10.3.66.103,10.3.66.255,NBNS,92,Name query NB WORKGROUP<1e>,23.15.9.17,5,Destination,79,1
257,105.436161,10.3.66.103,174.121.246.162,TCP,60,49158  >  80 [ACK] Seq=415 Ack=110728 Win=65536 Len=0,64.237.56.12,5,Destination,257,1
315,105.47565,10.3.66.103,174.121.246.162,TCP,60,49158  >  80 [ACK] Seq=415 Ack=150371 Win=65536 Len=0,189.128.46.136,5,Destination,315,1
365,105.513906,10.3.66.103,174.121.246.162,TCP,60,49158  >  80 [ACK] Seq=415 Ack=184546 Win=65536 Len=0,69.172.216.58,5,Destination,365,1
375,105.545545,10.3.66.103,174.121.246.162,TCP,60,49158  >  80 [ACK] Seq=415 Ack=190014 Win=65536 Len=0,199.166.0.201,5,Destination,375,1
380,105.547534,174.121.246.162,10.3.66.103,TCP,1421,80  >  49158 [ACK] Seq=194115 Ack=415 Win=30336 Len=1367 [TCP segment of a reassembled PDU],104.152.141.70,5,Destination,380,1
383,105.547816,10.3.66.103,174.121.246.162,TCP,60,49158  >  80 [ACK] Seq=415 Ack=195482 Win=65536 Len=0,121.241.182.183,5,Destination,383,1
46,9.269266,10.3.66.103,23.15.9.17,TCP,66,49157  >  80 [SYN] Seq=0 Win=8192 Len=0 MSS=1460 WS=256 SACK_PERM=1,69.172.216.111,6,Source,46,1
63,17.376261,10.3.66.103,10.3.66.255,BROWSER,234,Browser Election Request,8.18.45.68,6,Source,63,1
73,25.582085,10.3.66.103,10.3.66.255,BROWSER,222,Request Announcement STROUT-PC,255.255.255.255,6,Destination,73,1
364,105.513627,174.121.246.162,10.3.66.103,TCP,1421,80  >  49158 [ACK] Seq=183179 Ack=415 Win=30336 Len=1367 [TCP segment of a reassembled PDU],69.172.216.111,6,Destination,364,1
376,105.545663,10.3.66.103,174.121.246.162,TCP,60,49158  >  80 [ACK] Seq=415 Ack=191381 Win=65536 Len=0,23.14.84.136,6,Destination,376,1
377,105.545781,10.3.66.103,174.121.246.162,TCP,60,49158  >  80 [ACK] Seq=415 Ack=192748 Win=65536 Len=0,52.0.161.254,6,Destination,377,1
379,105.547057,10.3.66.103,174.121.246.162,TCP,60,49158  >  80 [ACK] Seq=415 Ack=194115 Win=65536 Len=0,68.67.153.164,6,Destination,379,1
381,105.547598,174.121.246.162,10.3.66.103,TCP,1421,80  >  49158 [ACK] Seq=195482 Ack=415 Win=30336 Len=1367 [TCP segment of a reassembled PDU],23.220.148.9,6,Destination,381,1
33,6.659452,10.3.66.1,10.3.66.103,DNS,75,Standard query response 0x6462 No such name A wpad.mshome.net,23.62.6.187,7,Source,33,1
40,7.705612,10.3.66.103,10.3.66.255,NBNS,92,Name query NB WPAD<00>,38.126.130.202,7,Source,40,1
52,9.722144,23.15.9.17,10.3.66.103,TCP,54,80  >  49157 [ACK] Seq=1 Ack=98 Win=14624 Len=0,74.125.139.154,7,Source,52,1
319,105.476917,10.3.66.103,174.121.246.162,TCP,60,49158  >  80 [ACK] Seq=415 Ack=153105 Win=65536 Len=0,201.232.38.58,7,Destination,319,1
351,105.511589,10.3.66.103,174.121.246.162,TCP,60,49158  >  80 [ACK] Seq=415 Ack=174977 Win=65536 Len=0,23.62.6.187,7,Destination,351,1
28,6.648094,10.3.66.103,224.0.0.22,IGMPv3,60,Membership Report / Leave group 224.0.0.252,23.14.84.136,8,Source,28,1
32,6.659169,10.3.66.103,10.3.66.1,DNS,75,Standard query 0x6462 A wpad.mshome.net,23.220.148.9,8,Source,32,1
69,22.493208,10.3.66.103,10.3.66.255,NBNS,110,Registration NB <01><02>__MSBROWSE__<02><01>,93.190.141.180,8,Source,69,1
344,105.51,10.3.66.103,174.121.246.162,TCP,60,49158  >  80 [ACK] Seq=415 Ack=168142 Win=65536 Len=0,23.72.225.91,8,Destination,344,1
378,105.546791,174.121.246.162,10.3.66.103,TCP,1421,80  >  49158 [ACK] Seq=192748 Ack=415 Win=30336 Len=1367 [TCP segment of a reassembled PDU],38.126.130.202,8,Destination,378,1
70,23.257552,10.3.66.103,10.3.66.255,NBNS,110,Registration NB <01><02>__MSBROWSE__<02><01>,93.190.142.64,9,Source,70,1
75,25.582621,10.3.66.103,10.3.66.255,BROWSER,252,"Domain/Workgroup Announcement WORKGROUP, NT Workstation, Domain Enum",224.0.0.252,9,Destination,75,1
324,105.508287,174.121.246.162,10.3.66.103,TCP,1421,80  >  49158 [ACK] Seq=157206 Ack=415 Win=30336 Len=1367 [TCP segment of a reassembled PDU],74.125.139.154,9,Destination,324,1
143,105.323366,174.121.246.162,10.3.66.103,TCP,1421,80  >  49158 [ACK] Seq=35543 Ack=415 Win=30336 Len=1367 [TCP segment of a reassembled PDU],93.190.141.180,10,Destination,143,1
10,3.467505,10.3.66.103,10.3.66.1,DNS,91,Standard query 0xc26d SRV _ldap._tcp.dc._msdcs.mshome.net,173.239.36.117,11,Source,10,1
39,7.145568,10.3.66.103,224.0.0.22,IGMPv3,60,Membership Report / Join group 224.0.0.252 for any sources,31.192.112.238,11,Source,39,1
42,8.455631,10.3.66.103,10.3.66.255,NBNS,92,Name query NB WPAD<00>,54.148.180.204,11,Source,42,1
56,9.870465,10.3.66.103,23.15.9.17,TCP,60,"49157  >  80 [FIN, ACK] Seq=98 Ack=181 Win=65280 Len=0",74.125.226.162,11,Source,56,1
76,52.229305,10.3.66.103,10.3.66.255,BROWSER,243,"Local Master Announcement STROUT-PC, Workstation, Server, NT Workstation, Potential Browser, Master Browser",224.0.0.22,11,Destination,76,1
390,106.691722,10.3.66.103,174.121.246.162,TCP,60,49158  >  80 [ACK] Seq=415 Ack=200950 Win=65536 Len=0,8.18.45.68,11,Destination,390,1
218,105.398226,174.121.246.162,10.3.66.103,TCP,1421,80  >  49158 [ACK] Seq=84755 Ack=415 Win=30336 Len=1367 [TCP segment of a reassembled PDU],93.190.142.64,12,Destination,218,1
262,105.436522,174.121.246.162,10.3.66.103,TCP,1421,80  >  49158 [ACK] Seq=116196 Ack=415 Win=30336 Len=1367 [TCP segment of a reassembled PDU],173.239.36.117,12,Destination,262,1
355,105.512239,174.121.246.162,10.3.66.103,TCP,1421,80  >  49158 [ACK] Seq=179078 Ack=415 Win=30336 Len=1367 [TCP segment of a reassembled PDU],74.125.226.186,12,Destination,355,1
382,105.547658,174.121.246.162,10.3.66.103,TCP,1421,80  >  49158 [ACK] Seq=196849 Ack=415 Win=30336 Len=1367 [TCP segment of a reassembled PDU],74.125.226.13,13,Destination,382,1
289,105.471541,10.3.66.103,174.121.246.162,TCP,60,49158  >  80 [ACK] Seq=415 Ack=131233 Win=65536 Len=0,74.125.226.161,14,Destination,289,1
55,9.870401,10.3.66.103,23.15.9.17,TCP,60,49157  >  80 [ACK] Seq=98 Ack=181 Win=65280 Len=0,74.125.226.161,15,Source,55,1
60,13.834977,10.3.66.103,10.3.66.255,BROWSER,222,Request Announcement STROUT-PC,74.125.226.186,16,Source,60,1
250,105.435738,174.121.246.162,10.3.66.103,TCP,1421,80  >  49158 [ACK] Seq=107994 Ack=415 Win=30336 Len=1367 [TCP segment of a reassembled PDU],31.192.112.238,16,Destination,250,1
297,105.473816,10.3.66.103,174.121.246.162,TCP,60,49158  >  80 [ACK] Seq=415 Ack=138068 Win=65536 Len=0,199.16.172.81,16,Destination,297,1
372,105.545351,174.121.246.162,10.3.66.103,TCP,1421,80  >  49158 [ACK] Seq=191381 Ack=415 Win=30336 Len=1367 [TCP segment of a reassembled PDU],23.220.148.51,18,Destination,372,1
19,4.754336,10.3.66.103,10.3.66.255,NBNS,110,Registration NB STROUT-PC<00>,199.16.172.81,19,Source,19,1
53,9.870262,23.15.9.17,10.3.66.103,HTTP,233,HTTP/1.1 200 OK  (text/plain),74.125.139.95,19,Source,53,1
54,9.870308,23.15.9.17,10.3.66.103,TCP,54,"80  >  49157 [FIN, ACK] Seq=180 Ack=98 Win=14624 Len=0",74.125.226.13,20,Source,54,1
347,105.510198,10.3.66.103,174.121.246.162,TCP,60,49158  >  80 [ACK] Seq=415 Ack=170876 Win=65536 Len=0,96.16.134.180,20,Destination,347,1
83,104.116065,10.3.66.103,255.255.255.255,DHCP,342,DHCP Inform   - Transaction ID 0x333cf4b9,74.125.226.162,21,Destination,83,1
86,104.233643,10.3.66.1,10.3.66.103,DNS,98,Standard query response 0xfe6d A kennedy.sitoserver.com A 174.121.246.162,54.148.180.204,21,Destination,86,1
72,24.786383,10.3.66.103,10.3.66.255,NBNS,110,Registration NB <01><02>__MSBROWSE__<02><01>,96.16.134.180,22,Source,72,1
284,105.471141,10.3.66.103,174.121.246.162,TCP,60,49158  >  80 [ACK] Seq=415 Ack=129866 Win=65536 Len=0,74.125.139.95,22,Destination,284,1
353,105.512123,174.121.246.162,10.3.66.103,TCP,1421,80  >  49158 [ACK] Seq=176344 Ack=415 Win=30336 Len=1367 [TCP segment of a reassembled PDU],184.51.144.120,22,Destination,353,1
306,105.474863,10.3.66.103,174.121.246.162,TCP,60,49158  >  80 [ACK] Seq=415 Ack=144903 Win=65536 Len=0,74.125.226.185,23,Destination,306,1
31,6.650182,10.3.66.103,224.0.0.252,LLMNR,69,Standard query 0x814c ANY Strout-PC,23.220.148.51,24,Source,31,1
267,105.436718,10.3.66.103,174.121.246.162,TCP,60,49158  >  80 [ACK] Seq=415 Ack=116196 Win=65536 Len=0,173.239.42.219,24,Destination,267,1
264,105.436615,10.3.66.103,174.121.246.162,TCP,60,49158  >  80 [ACK] Seq=415 Ack=114829 Win=65536 Len=0,173.239.36.121,25,Destination,264,1
12,3.469318,10.3.66.103,10.3.66.1,DNS,91,Standard query 0x169e SRV _ldap._tcp.dc._msdcs.mshome.net,173.239.42.219,26,Source,12,1
348,105.510314,10.3.66.103,174.121.246.162,TCP,60,49158  >  80 [ACK] Seq=415 Ack=172243 Win=65536 Len=0,69.172.216.55,26,Destination,348,1
350,105.511307,174.121.246.162,10.3.66.103,TCP,1421,"80  >  49158 [PSH, ACK] Seq=173610 Ack=415 Win=30336 Len=1367 [TCP segment of a reassembled PDU]",23.72.255.183,26,Destination,350,1
11,3.467854,10.3.66.1,10.3.66.103,DNS,91,Standard query response 0xc26d No such name SRV _ldap._tcp.dc._msdcs.mshome.net,173.239.36.121,27,Source,11,1
37,6.955815,10.3.66.103,10.3.66.255,NBNS,92,Name query NB WPAD<00>,23.72.255.183,28,Source,37,1
342,105.509882,174.121.246.162,10.3.66.103,TCP,1421,80  >  49158 [ACK] Seq=169509 Ack=415 Win=30336 Len=1367 [TCP segment of a reassembled PDU],172.226.103.54,28,Destination,342,1
285,105.471238,174.121.246.162,10.3.66.103,TCP,1421,80  >  49158 [ACK] Seq=129866 Ack=415 Win=30336 Len=1367 [TCP segment of a reassembled PDU],94.31.29.43,34,Destination,285,1
23,5.505618,10.3.66.103,10.3.66.255,NBNS,110,Registration NB WORKGROUP<00>,204.79.197.200,35,Source,23,1
47,9.296078,10.3.66.103,10.3.66.255,BROWSER,222,Request Announcement STROUT-PC,69.172.216.55,35,Source,47,1
230,105.432523,174.121.246.162,10.3.66.103,TCP,1421,80  >  49158 [ACK] Seq=92957 Ack=415 Win=30336 Len=1367 [TCP segment of a reassembled PDU],204.79.197.200,35,Destination,230,1
15,3.64675,10.3.66.103,224.0.0.22,IGMPv3,60,Membership Report / Join group 224.0.0.252 for any sources,184.51.144.120,36,Source,15,1
346,105.510083,10.3.66.103,174.121.246.162,TCP,60,49158  >  80 [ACK] Seq=415 Ack=169509 Win=65536 Len=0,23.78.253.223,37,Destination,346,1
9,3.460382,10.3.66.103,224.0.0.252,LLMNR,69,Standard query 0xfbd7 ANY Strout-PC,172.226.103.54,38,Source,9,1
59,12.321744,10.3.66.103,10.3.66.255,BROWSER,222,Request Announcement STROUT-PC,74.125.226.185,40,Source,59,1
299,105.474312,174.121.246.162,10.3.66.103,TCP,1421,80  >  49158 [ACK] Seq=139435 Ack=415 Win=30336 Len=1367 [TCP segment of a reassembled PDU],205.185.216.10,40,Destination,299,1
71,24.021963,10.3.66.103,10.3.66.255,NBNS,110,Registration NB <01><02>__MSBROWSE__<02><01>,94.31.29.43,43,Source,71,1
27,6.286255,10.3.66.1,10.3.66.103,DNS,77,Standard query response 0xd3eb No such name A isatap.mshome.net,217.160.165.207,44,Source,27,1
43,8.525624,10.3.66.103,10.3.66.255,NBNS,110,Registration NB WORKGROUP<1e>,54.201.30.58,45,Source,43,1
77,59.107996,10.3.66.103,10.3.66.255,NBNS,92,Name query NB WORKGROUP<1e>,10.3.66.1,50,Destination,77,1
38,7.025598,10.3.66.103,10.3.66.255,NBNS,110,Registration NB WORKGROUP<1e>,23.78.253.223,52,Source,38,2
85,104.18351,10.3.66.103,10.3.66.1,DNS,82,Standard query 0xfe6d A kennedy.sitoserver.com,54.201.30.58,58,Destination,85,2
87,104.250857,10.3.66.103,174.121.246.162,TCP,66,49158  >  80 [SYN] Seq=0 Win=8192 Len=0 MSS=1460 WS=256 SACK_PERM=1,217.160.165.207,58,Destination,87,2
68,21.69751,10.3.66.103,10.3.66.255,NBNS,110,Registration NB WORKGROUP<1d>,93.184.215.200,59,Source,68,2
183,105.395482,10.3.66.103,174.121.246.162,TCP,60,49158  >  80 [ACK] Seq=415 Ack=61516 Win=65536 Len=0,93.184.215.200,63,Destination,183,2
24,5.50562,10.3.66.103,10.3.66.255,NBNS,110,Registration NB STROUT-PC<00>,205.185.216.10,65,Source,24,2
74,25.582168,10.3.66.103,10.3.66.255,BROWSER,222,Request Announcement STROUT-PC,10.3.66.255,90,Destination,74,2
82,62.929215,10.3.66.103,10.3.66.255,NBNS,92,Name query NB WORKGROUP<1e>,23.218.210.155,202,Destination,82,2
30,6.649781,10.3.66.103,224.0.0.22,IGMPv3,60,Membership Report / Join group 224.0.0.252 for any sources,23.218.210.155,214,Source,30,2
2,3.15004,0.0.0.0,255.255.255.255,DHCP,350,DHCP Request  - Transaction ID 0xa717c1cf,10.3.66.1,223,Source,2,2
84,104.120514,10.3.66.103,10.3.66.255,NBNS,92,Name query NB WPAD<00>,74.125.226.176,226,Destination,84,2
58,10.808497,10.3.66.103,10.3.66.255,BROWSER,222,Request Announcement STROUT-PC,74.125.226.176,240,Source,58,2
276,105.470528,174.121.246.162,10.3.66.103,TCP,1421,80  >  49158 [ACK] Seq=124398 Ack=415 Win=30336 Len=1367 [TCP segment of a reassembled PDU],192.241.179.166,296,Destination,276,2
18,3.989977,10.3.66.103,10.3.66.255,NBNS,110,Registration NB STROUT-PC<00>,192.241.179.166,374,Source,18,2
64,18.390294,10.3.66.103,10.3.66.255,BROWSER,234,Browser Election Request,8.8.8.8,419,Source,64,2
81,62.164799,10.3.66.103,10.3.66.255,NBNS,92,Name query NB WORKGROUP<1e>,8.8.8.8,419,Destination,81,2
13,3.469549,10.3.66.1,10.3.66.103,DNS,91,Standard query response 0x169e No such name SRV _ldap._tcp.dc._msdcs.mshome.net,174.121.246.162,693,Source,13,2
80,61.401362,10.3.66.103,10.3.66.255,NBNS,92,Name query NB WORKGROUP<1e>,174.121.246.162,701,Destination,80,2
5,3.226247,10.3.66.103,10.3.66.255,NBNS,110,Registration NB STROUT-PC<20>,109.68.191.31,922,Source,5,2
89,104.53127,10.3.66.103,174.121.246.162,TCP,60,49158  >  80 [ACK] Seq=1 Ack=1 Win=65536 Len=0,109.68.191.31,943,Destination,89,2
88,104.531113,174.121.246.162,10.3.66.103,TCP,66,"80  >  49158 [SYN, ACK] Seq=0 Ack=1 Win=29200 Len=0 MSS=1367 SACK_PERM=1 WS=128",148.251.80.172,1265,Destination,88,3
7,3.459812,10.3.66.103,224.0.0.22,IGMPv3,60,Membership Report / Leave group 224.0.0.252,148.251.80.172,1292,Source,7,3
78,59.871551,10.3.66.103,10.3.66.255,NBNS,92,Name query NB WORKGROUP<1e>,10.3.66.103,5277,Destination,78,3
3,3.225939,10.3.66.103,10.3.66.255,NBNS,110,Registration NB STROUT-PC<00>,10.3.66.103,5319,Source,3,3
